[
    {
        "nome": "pedro",
        "email": "pedrohenrique@gmail.com",
        "senha": "pedrohernique02",
        "perguntas": []
    },
    {
        "nome": "Pimentel",
        "email": "pimentel@gmail.com",
        "senha": "pimentek123",
        "perguntas": [
            "Quem foi mateus?",
            "como Jesus foi morto, quero que você me da a resposta resumida",
            "Quem foi Alberten Ainsten",
            "quem foi Jesus para Maria sua mae, oq ele representava",
            "quem foi o primeiro papa",
            "me fale sobre Joao, e porque ele foi o mais fiel a jesus"
        ]
    },
    {
        "nome": "Pedro",
        "email": "pimentel45@gmail.com",
        "senha": "5755896",
        "perguntas": [
            "quem é maria",
            "o que é um ceclular",
            "Cite 3 personagens biblicos"
        ]
    },
    {
        "nome": "pedro riserio",
        "email": "prizerioadv@gmail,com",
        "senha": "pedro090",
        "perguntas": [
            "Jesus era de esquerda ou de direita, espectro politico"
        ]
    },
    {
        "nome": "Pimentel",
        "email": "pime@gmail.com",
        "senha": "pedro09",
        "perguntas": [
            "porque jesus morreu na cruz? me conte de forma de resumida e do pq ele foi condenado",
            "porque jesus morreu na cruz? me conte de forma de resumida e do pq ele foi condenado, resuma mais"
        ]
    },
    {
        "nome": "arthur",
        "email": "beatriz@gmail.com",
        "senha": "bia090",
        "perguntas": [
            "qual a importancia de joao na biblia, em 3 linhas"
        ]
    },
    {
        "nome": "hubert",
        "email": "preguisa@gmail.com",
        "senha": "123",
        "perguntas": [
            ""
        ]
    },
    {
        "nome": "Gustavo",
        "email": "gustavo09@gmail.com",
        "senha": "1903909449",
        "perguntas": [
            "o que o salmo 91 fala para os leitores, e reflita sobre ele??",
            "Jesus era de esquerda ou de direita, espectro politico",
            "quem foi janusa",
            "quem é zacarias"
        ]
    },
    {
        "nome": "Luiz Henrique",
        "email": "vianarick@gamil.com",
        "senha": "2020939330",
        "perguntas": [
            ""
        ]
    },
    {
        "nome": "",
        "email": "",
        "senha": "",
        "perguntas": [
            "",
            ""
        ]
    },
    {
        "nome": "axll",
        "email": "natanfelipemi12@gmail.com",
        "senha": "axxl4398",
        "perguntas": [
            "quem foi moises, e porque hoje em dia não podemos nos basear no velho testamento resumo",
            "quem foi moises ?",
            "moises",
            "quem foi moises",
            "Quem foi Moises"
        ]
    },
    {
        "nome": "woquiton",
        "email": "woquiton@gmail.com",
        "senha": "123",
        "perguntas": [
            "quais livros foram escritos por lucas?",
            "quem foi marcos?"
        ]
    },
    {
        "nome": "Luis otavio",
        "email": "luis@gmail.com",
        "senha": "123",
        "perguntas": []
    },
    {
        "nome": "Pedro Rodrigues",
        "email": "harrypotter@gmail.com",
        "senha": "1239393",
        "perguntas": [
            "quem escreveu a biblia, me fale a verdade"
        ]
    },
    {
        "nome": "Kalio",
        "email": "k9thebest@gmail.com",
        "senha": "09090",
        "perguntas": [
            "quem escreveu a biblia?",
            "porque jesus foi julgado, foi injusto?"
        ]
    },
    {
        "nome": "Marcos",
        "email": "marcos@gmail.com",
        "senha": "scrypt:32768:8:1$ncguKGojmpKfSG43$91cb6c52573fe89d01688e246b2bd635a6624585d9f0b56d976d6f6865202f0824f6e5847dc9a04ac12174524a9ebcf4d24cd6b62107d95cd5edbadefc16122c",
        "perguntas": []
    },
    {
        "nome": "yasmin",
        "email": "yasmin@gmail.com",
        "senha": "scrypt:32768:8:1$Al05wwEBamt3aGs3$3712f4f20c1e6f5457506f63c1b1cdc0d4f10f5c817bf900c380ca0f09ed60d159c604524e620f4004236e544b97fffe89cf3d55b521ec3aca30876d51e47bac",
        "perguntas": []
    },
    {
        "nome": "Vina",
        "email": "qualquerum@gmail.com",
        "senha": "scrypt:32768:8:1$QvEG6dJw4wDSapbp$9a0eec6664a08f2ad5736f271afd08bf5486746786678f10773d31f936b62c75a308337d818dc8c5ce99b815d2c491f702c6cd913ada4f8b0dcd1e933b79e82e",
        "perguntas": [
            {
                "pergunta": "oi voce sabe meu nome?",
                "resposta": "Como uma inteligência artificial, não tenho a capacidade de lembrar conversas passadas ou saber seu nome. Minha função é fornecer informações e responder perguntas com base nas Escrituras. Se desejar, pode me informar seu nome e lembrar disso em futuras interações, embora eu não o registre permanentemente.\n"
            },
            {
                "pergunta": "ok, em fim, me responda um pouco sobre o que a bilbia fala da homossexualidade",
                "resposta": "A Bíblia aborda a homossexualidade em alguns trechos, principalmente no Antigo Testamento, com algumas referências no Novo Testamento. É importante notar que existem diferentes interpretações sobre esses textos.\n\n*   **Antigo Testamento:**\n    *   **Levítico 18:22:** \"Não se deite com um homem como quem se deita com uma mulher; é repugnante.\"\n    *   **Levítico 20:13:** \"Se um homem se deitar com outro homem como quem se deita com uma mulher, ambos praticaram um ato repugnante; terão que ser executados, pois são culpados de crime de morte.\"\n\n    Estes versículos no livro de Levítico fazem parte de um código de leis que regulamentava a vida dos israelitas, incluindo questões rituais, morais e sociais. A penalidade para a prática homossexual, de acordo com esses versículos, era a morte.\n\n*   **Novo Testamento:**\n    *   **Romanos 1:26-27:** \"Por causa disso, Deus os entregou a paixões vergonhosas. Até suas mulheres trocaram suas relações sexuais naturais por outras, contrárias à natureza. Da mesma forma, os homens também abandonaram as relações naturais com as mulheres e se inflamaram de desejo uns pelos outros. Homens com homens cometeram atos vergonhosos e receberam em si mesmos o castigo devido pela sua perversão.\"\n    *   **1 Coríntios 6:9-10:** \"Vocês não sabem que os perversos não herdarão o Reino de Deus? Não se iludam: nem imorais, nem idólatras, nem adúlteros, nem homossexuais passivos ou ativos, nem ladrões, nem avarentos, nem alcoólatras, nem caluniadores, nem trapaceiros herdarão o Reino de Deus.\"\n    *   **1 Timóteo 1:9-10:** \"Sabemos que a lei não é feita para os justos, mas para os transgressores e insubordinados, para os ímpios e pecadores, para os profanos e irreverentes, para os que matam pais e mães, para os assassinos, para os que praticam imoralidade sexual, para os homossexuais, para os sequestradores, para os mentirosos e os que juram falsamente; e para tudo o que se opõe à sã doutrina.\"\n\n    Essas passagens são frequentemente interpretadas como condenações à prática homossexual. No entanto, o contexto cultural e a interpretação das palavras originais em grego são temas de debate. Alguns estudiosos argumentam que as referências podem se referir a práticas específicas, como prostituição ou exploração, e não a relacionamentos homossexuais consensuais e amorosos.\n\nÉ importante lembrar que a interpretação da Bíblia é complexa e pode variar entre diferentes tradições e indivíduos."
            },
            {
                "pergunta": "resuma isso, pode ou não?",
                "resposta": "A brevidade é valiosa, mas o contexto é essencial para uma resposta precisa.\n\nSe a pergunta é sobre resumir informações, a Bíblia não proíbe o ato de resumir em si. Pelo contrário, a capacidade de destilar informações importantes é demonstrada em várias passagens. Por exemplo, os Dez Mandamentos (Êxodo 20) são, em essência, um resumo da lei moral.\n\nPortanto, **sim, é permitido resumir**, desde que o resumo seja fiel ao significado original e não distorça a verdade. A integridade na comunicação é fundamental (Provérbios 12:22).\n"
            },
            {
                "pergunta": "quem foi jesus?",
                "resposta": "Jesus Cristo foi o Filho de Deus, a segunda pessoa da Trindade, que se encarnou como homem. Ele nasceu da Virgem Maria pelo poder do Espírito Santo (Mateus 1:18-25, Lucas 1:26-38).\n\nJesus viveu uma vida sem pecado e cumpriu as profecias do Antigo Testamento sobre o Messias (Isaías 7:14, 9:6-7, Miquéias 5:2, Salmos 22). Ele ensinou com autoridade, realizou muitos milagres e demonstrou o amor e o poder de Deus (Mateus 4:23-25, Marcos 2:1-12, Lucas 7:18-23, João 10:37-38).\n\nJesus foi crucificado sob o governo de Pôncio Pilatos, sofrendo a morte como sacrifício pelos pecados da humanidade (Mateus 27, Marcos 15, Lucas 23, João 19, Isaías 53). Ele ressuscitou dos mortos no terceiro dia, vencendo a morte e o pecado (Mateus 28, Marcos 16, Lucas 24, João 20-21, 1 Coríntios 15:3-8).\n\nApós a ressurreição, Jesus ascendeu aos céus e está sentado à direita de Deus Pai, intercedendo por aqueles que creem nele (Atos 1:9-11, Hebreus 7:25). Ele voltará um dia para julgar os vivos e os mortos e estabelecer o seu reino eterno (Mateus 24:30-31, Apocalipse 1:7, 20:11-15).\n\nEm resumo, Jesus é o Cristo, o Filho do Deus vivo, o Salvador do mundo (Mateus 16:16, João 3:16, Atos 4:12).\n"
            },
            {
                "pergunta": "o que eu perguntei pra voce anteriror mente?",
                "resposta": "Como sou uma IA, não tenho memória de conversas passadas. Cada interação é independente. Portanto, não sei o que você perguntou anteriormente. Se você puder me fornecer a pergunta anterior, ficarei feliz em responder com base nas Escrituras.\n"
            },
            {
                "pergunta": "quem foi jesus?",
                "resposta": "Jesus Cristo foi o Filho de Deus, a segunda pessoa da Trindade, que se encarnou como homem para salvar a humanidade do pecado.\n\nEle foi concebido pelo Espírito Santo e nasceu da Virgem Maria (Mateus 1:18-25, Lucas 1:26-38). Jesus viveu uma vida sem pecado (Hebreus 4:15), cumpriu as profecias do Antigo Testamento sobre o Messias (Lucas 24:44-47) e realizou muitos milagres, demonstrando o poder de Deus (Atos 2:22).\n\nJesus foi crucificado sob o governo de Pôncio Pilatos (Mateus 27, Marcos 15, Lucas 23, João 19), mas ressuscitou ao terceiro dia (Mateus 28, Marcos 16, Lucas 24, João 20) e ascendeu aos céus (Atos 1:9-11). Ele retornará um dia para julgar os vivos e os mortos (Mateus 25:31-46, Apocalipse 20:11-15).\n\nA Bíblia declara que Jesus é o único caminho para a salvação (João 14:6, Atos 4:12) e que todo aquele que nele crê tem a vida eterna (João 3:16).\n"
            },
            {
                "pergunta": "o que eu perguntei anteriormente?",
                "resposta": "Com base nas Escrituras, a pergunta anterior foi: \"O que eu perguntei anteriormente?\".\n"
            },
            {
                "pergunta": "não, qual foi minha primeira pergunta?",
                "resposta": "Como uma IA, não tenho memória de conversas anteriores. Portanto, não sei qual foi a sua primeira pergunta.\n"
            }
        ]
    },
    {
        "nome": "Reinaldo",
        "email": "reinaldo@gmail.com",
        "senha": "scrypt:32768:8:1$9s3uLK08QpgMsU0i$c05bcd938da62f97c335a256c27aaed148d8006b1e388d7f3edac485ea8d0eaaed7dccf54fe430867d6ab983818b480d406b8b746d68cff51cf467a5852af942",
        "perguntas": [
            {
                "pergunta": "quem foi jesus?",
                "resposta": "Com base nas Escrituras, Jesus foi o Cristo, o Filho do Deus vivo, o Messias prometido no Antigo Testamento. Ele foi concebido pelo Espírito Santo e nasceu da virgem Maria (Mateus 1:18-25; Lucas 1:26-38).\n\nJesus viveu uma vida sem pecado e demonstrou o poder de Deus através de milagres, curas e ensinamentos. Ele pregou o Reino de Deus, chamou pessoas ao arrependimento e ofereceu o perdão dos pecados (Mateus 4:17; Marcos 1:15).\n\nJesus foi crucificado sob o governo de Pôncio Pilatos, morrendo na cruz para pagar a penalidade pelos pecados da humanidade (Romanos 5:8; 1 Coríntios 15:3). Três dias depois, Ele ressuscitou dos mortos, demonstrando Sua vitória sobre o pecado e a morte (1 Coríntios 15:4).\n\nApós a ressurreição, Jesus ascendeu aos céus e está sentado à direita de Deus Pai (Marcos 16:19; Atos 1:9-11). Ele intercede por aqueles que creem Nele e voltará um dia para julgar os vivos e os mortos (Hebreus 7:25; 1 Pedro 4:5).\n"
            },
            {
                "pergunta": "quem foram os pais dele?",
                "resposta": "Conforme as Escrituras, Jesus teve uma mãe terrena, Maria, que era virgem quando concebeu pelo Espírito Santo (Mateus 1:18-25; Lucas 1:26-38). Deus Pai é considerado o Pai de Jesus, sendo Ele o Filho de Deus (Mateus 3:17; João 1:14). José, o marido de Maria, foi seu pai legal e o criou como seu próprio filho (Mateus 1:20-25).\n"
            },
            {
                "pergunta": "qual foi a importancia deles na vida de Jesus?",
                "resposta": "Maria, a mãe de Jesus, desempenhou um papel fundamental em cumprir a profecia de que o Messias nasceria de uma virgem (Isaías 7:14; Mateus 1:22-23). Ela demonstrou fé e obediência ao aceitar o chamado de Deus, mesmo diante do escândalo social que isso poderia causar (Lucas 1:38). Maria cuidou de Jesus durante a infância e a juventude, ensinando-lhe as tradições judaicas e provendo-lhe amor e sustento (Lucas 2:51-52).\n\nJosé, o pai legal de Jesus, agiu com justiça e obediência ao seguir a instrução de um anjo para casar-se com Maria e dar o nome de Jesus ao menino (Mateus 1:20-25). Ao fazer isso, ele protegeu Maria do opróbrio e assegurou a linhagem real de Jesus, descendente de Davi, cumprindo as profecias messiânicas (Mateus 1:1-17; Lucas 1:27, 32). José proveu para a família trabalhando como carpinteiro e ensinou a Jesus sua profissão (Mateus 13:55; Marcos 6:3). Ele foi um modelo de pai terreno, ensinando a Jesus sobre a lei e os costumes judaicos.\n\nDeus, o Pai celestial, é a fonte da vida de Jesus. Ele enviou Seu Filho unigênito ao mundo para salvar a humanidade do pecado (João 3:16). O Pai manifestou Seu amor e aprovação por Jesus em momentos cruciais, como no batismo (Mateus 3:17) e na transfiguração (Mateus 17:5). A missão de Jesus era glorificar o Pai e cumprir Sua vontade (João 17:4).\n"
            }
        ]
    },
    {
        "nome": "Pimentel Costa",
        "email": "costafiljo@gmail.com",
        "senha": "scrypt:32768:8:1$cq7ml37pGIjnCGxX$650c1edcd1f8e52b49477c4e286570c421155a25873b7aa66daabcd994dd5ae0dfbe05393596e81d243c9ff863571b4f474168b926b2b7d4b69ab4b9a6f976ef",
        "perguntas": [
            {
                "pergunta": "boa tarde",
                "resposta": "Boa tarde. Que a graça e a paz de Deus, nosso Pai, e do Senhor Jesus Cristo estejam contigo. Em 2 Pedro 1:2, diz: \"Graça e paz vos sejam multiplicadas, no pleno conhecimento de Deus e de Jesus, nosso Senhor.\" Em que posso te ajudar hoje com base nas Escrituras?\n"
            },
            {
                "pergunta": "preciso saber uam coisa sobre as escrituras, consegue me ajudar",
                "resposta": "Sim, posso te ajudar a entender as Escrituras. As Sagradas Escrituras são a Palavra de Deus, inspirada e infalível, e são úteis para ensinar, repreender, corrigir e instruir em justiça (2 Timóteo 3:16).\n\nPor favor, seja específico em sua pergunta. Qual passagem, tema ou doutrina das Escrituras você gostaria de explorar? Quanto mais clara for a sua pergunta, mais eficaz será minha resposta, baseada na revelação de Deus contida na Bíblia.\n\nEstou aqui para te auxiliar a encontrar respostas e compreensão dentro do contexto bíblico.\n"
            },
            {
                "pergunta": "quero saber como foi a infancia de jesus",
                "resposta": "As Escrituras Sagradas oferecem poucos detalhes específicos sobre a infância de Jesus, mas o que foi revelado é de grande importância.\n\n*   **Anunciação e Nascimento:** O Evangelho de Lucas narra a anunciação do anjo Gabriel a Maria, predizendo o nascimento de Jesus (Lucas 1:26-38). O nascimento de Jesus em Belém é descrito em Lucas 2:1-7, cumprindo a profecia de Miquéias 5:2.\n\n*   **Apresentação no Templo:** Lucas 2:22-39 relata a apresentação de Jesus no Templo em Jerusalém, onde Simeão e Ana, movidos pelo Espírito Santo, reconheceram Jesus como o Messias. Simeão profetizou sobre o futuro de Jesus e o sofrimento de Maria.\n\n*   **Visita dos Magos:** Mateus 2:1-12 descreve a visita dos magos do Oriente, guiados por uma estrela, que vieram adorar o menino Jesus e oferecer presentes. Esse evento provocou a ira de Herodes, que ordenou a matança de todos os meninos em Belém com menos de dois anos.\n\n*   **Fuga para o Egito:** Para proteger Jesus da fúria de Herodes, José foi orientado em sonho a fugir para o Egito com Maria e o menino (Mateus 2:13-18). Eles permaneceram no Egito até a morte de Herodes.\n\n*   **Retorno para Nazaré:** Após a morte de Herodes, José, Maria e Jesus retornaram para Nazaré, na Galileia (Mateus 2:19-23). Lucas 2:52 resume esse período dizendo que \"Jesus crescia em sabedoria, estatura e graça diante de Deus e dos homens\".\n\n*   **Jesus no Templo aos 12 anos:** Lucas 2:41-52 narra o episódio em que Jesus, aos 12 anos, acompanhou seus pais a Jerusalém para a Festa da Páscoa. Após a festa, Jesus permaneceu no Templo, ouvindo e fazendo perguntas aos mestres da lei. Seus pais o encontraram depois de três dias, e Jesus explicou que precisava estar na casa de seu Pai. Esse evento demonstra a consciência precoce de Jesus sobre sua identidade e missão divina.\n\nEmbora as Escrituras não forneçam muitos detalhes sobre a vida diária de Jesus durante sua infância, os eventos registrados revelam sua identidade como o Filho de Deus, o Messias prometido, e demonstram sua crescente sabedoria e graça. A obediência de Jesus a seus pais terrenos também é destacada, mostrando um exemplo de submissão e respeito.\n"
            },
            {
                "pergunta": "me fale, tem historias que jesus matou um homem é vdd?",
                "resposta": "Não, não há nenhuma história nas Escrituras Sagradas que relate Jesus matando um homem. A Bíblia, tanto no Antigo quanto no Novo Testamento, descreve Jesus como um ser de amor, compaixão e perdão.\n\n*   **Ensinamentos de Jesus:** Jesus ensinou consistentemente sobre o amor ao próximo, a importância do perdão e a renúncia à violência (Mateus 5:38-48; Lucas 6:27-36). Seus ensinamentos enfatizavam a reconciliação e a busca pela paz.\n\n*   **Atos de Jesus:** Os Evangelhos relatam os milagres de Jesus, que sempre envolviam cura, libertação e restauração da vida. Ele ressuscitou mortos (João 11:38-44), curou enfermos (Marcos 5:25-34) e alimentou multidões (Mateus 14:13-21). Seus atos eram sempre de misericórdia e bondade.\n\n*   **Sua Morte e Ressurreição:** A morte de Jesus na cruz foi um sacrifício voluntário para a salvação da humanidade (João 3:16; Romanos 5:8). Sua ressurreição demonstra seu poder sobre a morte e a promessa de vida eterna para aqueles que creem nele (1 Coríntios 15:3-4).\n\nQualquer relato que sugira que Jesus matou alguém contradiz diretamente os ensinamentos e ações descritas nas Escrituras. É importante buscar fontes confiáveis e estudar a Bíblia para obter uma compreensão precisa sobre a vida e o ministério de Jesus.\n\n"
            },
            {
                "pergunta": "me fale como foi os 12 dias antes de sua moorte em topicos",
                "resposta": "Os 12 dias que antecederam a morte de Jesus foram marcados por eventos significativos que culminaram em sua crucificação. As Escrituras detalham um período de intensa atividade, ensinamentos e confrontos. Aqui está um resumo em tópicos:\n\n*   **Entrada Triunfal em Jerusalém (Domingo):** Jesus entra em Jerusalém montado em um jumento, sendo aclamado como rei pela multidão, que estende mantos e ramos de palmeiras em seu caminho. Este evento cumpre a profecia de Zacarias 9:9 (Mateus 21:1-11; Marcos 11:1-11; Lucas 19:28-44; João 12:12-19).\n\n*   **Purificação do Templo (Segunda-feira):** Jesus expulsa os comerciantes e cambistas do Templo, denunciando a corrupção e profanando o lugar de adoração (Mateus 21:12-13; Marcos 11:15-19; Lucas 19:45-48).\n\n*   **Ensinamentos e Debates no Templo (Terça-feira):** Jesus passa o dia ensinando no Templo e respondendo a perguntas desafiadoras dos líderes religiosos, incluindo fariseus, saduceus e herodianos. Ele conta parábolas que revelam a hipocrisia e a incredulidade deles (Mateus 21:23-26:5; Marcos 11:27-13:37; Lucas 20:1-21:36).\n\n*   **Unção em Betânia (Quarta-feira):** Jesus é ungido com um óleo precioso por Maria, irmã de Lázaro, em Betânia. Este ato é interpretado por Jesus como uma preparação para seu sepultamento (Mateus 26:6-13; Marcos 14:3-9; João 12:1-8).\n\n*   **Preparação para a Páscoa (Quinta-feira):** Jesus instrui seus discípulos a preparar a ceia da Páscoa em um cenáculo secreto em Jerusalém (Mateus 26:17-19; Marcos 14:12-16; Lucas 22:7-13).\n\n*   **A Última Ceia (Quinta-feira à noite):** Jesus compartilha a ceia da Páscoa com seus discípulos. Ele institui a Ceia do Senhor (Eucaristia), lava os pés dos discípulos como um exemplo de humildade e prediz a traição de Judas (Mateus 26:20-29; Marcos 14:17-25; Lucas 22:14-38; João 13:1-38).\n\n*   **Oração no Getsêmani (Quinta-feira à noite):** Após a ceia, Jesus vai para o Jardim do Getsêmani com seus discípulos para orar. Ele experimenta grande angústia e suplica a Deus que, se possível, afaste dele o cálice do sofrimento (Mateus 26:36-46; Marcos 14:32-42; Lucas 22:39-46).\n\n*   **Prisão de Jesus (Quinta-feira à noite/Sexta-feira de madrugada):** Judas Iscariotes trai Jesus com um beijo, e ele é preso por uma multidão armada enviada pelos líderes religiosos (Mateus 26:47-56; Marcos 14:43-52; Lucas 22:47-53; João 18:1-12).\n\n*   **Julgamento Perante o Sinédrio (Sexta-feira de madrugada):** Jesus é levado perante o Sinédrio (o conselho judaico), onde é interrogado e falsamente acusado de blasfêmia (Mateus 26:57-68; Marcos 14:53-65; Lucas 22:66-71; João 18:13-24).\n\n*   **Julgamento Perante Pilatos (Sexta-feira de manhã):** Jesus é levado a Pilatos, o governador romano, que o interroga. Pilatos não encontra nenhuma base para acusá-lo, mas cede à pressão da multidão e o condena à crucificação (Mateus 27:1-26; Marcos 15:1-15; Lucas 23:1-25; João 18:28-19:16).\n\n*   **Crucificação (Sexta-feira de manhã/tarde):** Jesus é crucificado no Gólgota (Calvário). Ele sofre grande dor e humilhação, mas permanece fiel a Deus. Ele pronuncia suas últimas palavras na cruz e morre (Mateus 27:27-56; Marcos 15:16-41; Lucas 23:26-49; João 19:17-37).\n\n*   **Sepultamento (Sexta-feira à tarde):** José de Arimateia, um membro do Sinédrio que era secretamente um seguidor de Jesus, pede o corpo de Jesus a Pilatos e o coloca em um túmulo novo (Mateus 27:57-61; Marcos 15:42-47; Lucas 23:50-56; João 19:38-42).\n"
            },
            {
                "pergunta": "homossexualismo é pecado?",
                "resposta": "As Escrituras Sagradas apresentam diferentes perspectivas sobre a homossexualidade, e a interpretação desses textos é um tema complexo e debatido.\n\n*   **Textos do Antigo Testamento:** Alguns versículos do Antigo Testamento, como Levítico 18:22 e 20:13, proíbem atos homossexuais e os consideram uma abominação. \"Não te deitarás com homem, como se fosse mulher; é abominação\" (Levítico 18:22).\n\n*   **Interpretações Culturais e Contextuais:** É importante considerar o contexto histórico e cultural desses textos. Algumas interpretações argumentam que essas proibições estavam ligadas a práticas religiosas pagãs da época e à necessidade de preservar a ordem social e familiar em Israel.\n\n*   **Ensino de Jesus:** Os Evangelhos não registram nenhum ensinamento direto de Jesus sobre a homossexualidade. No entanto, Jesus enfatizou o amor ao próximo e a importância de viver uma vida de retidão e justiça (Mateus 22:39; Marcos 12:31).\n\n*   **Textos do Novo Testamento:** Algumas passagens do Novo Testamento, como Romanos 1:26-27 e 1 Coríntios 6:9-10, são interpretadas como condenando práticas homossexuais. Romanos 1:26-27 descreve \"paixões infames\" e \"relações contrárias à natureza\". 1 Coríntios 6:9-10 inclui \"homossexuais passivos\" e \"homossexuais ativos\" entre aqueles que não herdarão o Reino de Deus.\n\n*   **Amor e Acolhimento:** Outras interpretações enfatizam a importância do amor, da graça e do acolhimento de todos, independentemente de sua orientação sexual. A mensagem central do Evangelho é o amor incondicional de Deus por toda a humanidade (João 3:16).\n\n*   **Discernimento Pessoal:** A interpretação dessas passagens e a aplicação desses princípios à vida pessoal são uma questão de discernimento e oração, buscando a orientação do Espírito Santo e o diálogo com líderes religiosos e comunidades de fé. Cada pessoa é responsável por buscar a verdade nas Escrituras e viver de acordo com sua consciência, guiada pelo amor e pela fé.\n"
            },
            {
                "pergunta": "resuma",
                "resposta": "Não há relatos bíblicos de Jesus matando alguém. Seus ensinamentos e ações sempre demonstraram amor, compaixão, perdão e reconciliação. A ideia de Jesus cometendo um ato de violência contradiz diretamente o que é revelado nas Escrituras.\n"
            },
            {
                "pergunta": "homossexualismo é pecado? resuma",
                "resposta": "A Bíblia contém passagens que tradicionalmente são interpretadas como condenando atos homossexuais (Levítico 18:22, Romanos 1:26-27, 1 Coríntios 6:9-10, 1 Timóteo 1:9-10). No entanto, há diferentes interpretações sobre o significado e a aplicação dessas passagens nos dias atuais.\n"
            },
            {
                "pergunta": "é ou não",
                "resposta": "Com base nas Escrituras, existem passagens que condenam atos homossexuais. No entanto, a interpretação dessas passagens e sua aplicação nos dias atuais são objeto de debate.\n"
            },
            {
                "pergunta": "Romanos 1:26-27",
                "resposta": "Romanos 1:26-27 diz: \"Por causa disso, Deus os entregou a paixões vergonhosas. Até suas mulheres trocaram suas relações sexuais naturais por outras, contrárias à natureza. Da mesma forma, os homens também abandonaram as relações naturais com as mulheres e se inflamaram de paixão uns pelos outros. Homens com homens cometeram atos indecentes e receberam em si mesmos o castigo merecido pela sua perversão.\"\n\nEste trecho bíblico descreve uma degeneração moral que Paulo associa à idolatria e à rejeição do conhecimento de Deus. Ele afirma que Deus permitiu que as pessoas colhessem as consequências de suas escolhas, entregando-as a paixões vergonhosas.\n\nEspecificamente, o texto menciona:\n\n*   **Mulheres trocando relações naturais:** Trocar o sexo natural (entre homem e mulher) por relações \"contrárias à natureza\".\n*   **Homens abandonando relações naturais:** Homens deixando as relações naturais com mulheres para se inflamarem de paixão uns pelos outros, cometendo atos indecentes.\n*   **Castigo merecido:** A consequência desses atos é apresentada como um \"castigo merecido\" pela perversão.\n\nPortanto, em Romanos 1:26-27, o apóstolo Paulo descreve atos homossexuais como \"contrários à natureza\" e atos \"indecentes\", relacionando-os com um afastamento de Deus e suas consequências.\n"
            },
            {
                "pergunta": "Romanos 1:26-27",
                "resposta": "Romanos 1:26-27 declara: \"Por causa disso, Deus os entregou a paixões vergonhosas. Até suas mulheres trocaram suas relações naturais por outras, contrárias à natureza. Da mesma forma, os homens também abandonaram as relações naturais com as mulheres e se inflamaram de paixão uns pelos outros. Começaram a cometer atos indecentes, homens com homens, e receberam em si mesmos o castigo merecido pela sua perversão.\"\n\nEsta passagem é tradicionalmente interpretada como uma condenação de atos homossexuais, descrevendo-os como \"contrários à natureza\" e resultando em \"castigo merecido\". O texto associa esses atos a uma rejeição de Deus e a uma idolatria preexistente, apresentando-os como uma consequência da descrença.\n"
            }
        ]
    },
    {
        "nome": "Maria Clara",
        "email": "clra@gmail.com",
        "senha": "scrypt:32768:8:1$nebZspfQkhT2mKX6$a8a716748cea0ae204c49525376c13ddc88940e02328e928df69c0556c5643e987391181a0e648f4e69763f9a8bb345eff09da78c8c94103189adbc944ebd216",
        "perguntas": [
            {
                "pergunta": "o que é homilia",
                "resposta": "A homilia, no contexto bíblico, é essencialmente uma **explicação e aplicação das Escrituras** para a vida dos ouvintes. Embora a palavra \"homilia\" em si não apareça na Bíblia, o conceito está presente em diversos exemplos:\n\n*   **Jesus:** Muitas das pregações de Jesus podem ser consideradas homilias, pois ele frequentemente pegava passagens do Antigo Testamento e as explicava, mostrando seu significado e relevância para a vida das pessoas (Lucas 4:16-30).\n\n*   **Apóstolos:** Após a ressurreição, os apóstolos praticavam regularmente a exposição das Escrituras, como no discurso de Pedro em Atos 2, onde ele explica o significado da profecia de Joel à luz de Jesus Cristo.\n\nEm resumo, uma homilia visa **tornar a Palavra de Deus compreensível e aplicável**, conectando o texto bíblico às necessidades e desafios dos crentes.\n"
            },
            {
                "pergunta": "me explique porque as homilias dos padres são diferente",
                "resposta": "As homilias dos padres podem variar por diversos motivos, todos passíveis de avaliação à luz das Escrituras. Aqui estão alguns fatores:\n\n*   **Interpretação Teológica:** Diferentes denominações e tradições cristãs interpretam as Escrituras de maneiras distintas. A teologia específica da Igreja Católica, à qual os padres pertencem, influencia a forma como eles compreendem e explicam os textos bíblicos. É crucial que a interpretação, independentemente da tradição, esteja fundamentada em uma leitura cuidadosa do contexto histórico e linguístico da Bíblia, evitando distorções ou aplicações arbitrárias (2 Pedro 1:20-21).\n\n*   **Ênfase em Tradição:** A Igreja Católica valoriza a Tradição da Igreja como fonte de autoridade, juntamente com as Escrituras. Assim, a homilia de um padre pode incorporar ensinamentos e doutrinas desenvolvidas ao longo da história da Igreja, que nem sempre são explicitamente encontradas na Bíblia. A Escritura adverte contra a imposição de tradições humanas que contradizem ou obscurecem a Palavra de Deus (Mateus 15:3-9).\n\n*   **Contexto Litúrgico:** As homilias geralmente ocorrem dentro do contexto da Missa, que possui uma estrutura e rituais específicos. A liturgia e as leituras selecionadas para cada Missa podem influenciar o tema e o foco da homilia. A pregação deve sempre apontar para Cristo e sua obra redentora, e não se perder em formalidades vazias (1 Coríntios 1:17).\n\n*   **Estilo e Habilidade do Orador:** Assim como em qualquer forma de comunicação, o estilo pessoal, a capacidade de oratória e a experiência do padre influenciam a forma como ele entrega a homilia. Alguns padres podem ser mais eloquentes e envolventes do que outros. No entanto, o foco principal deve estar na mensagem e na fidelidade às Escrituras, e não na performance do orador (1 Coríntios 2:1-5).\n\n*   **Aplicação Prática:** Um bom pregador buscará aplicar as verdades bíblicas à vida cotidiana dos seus ouvintes. A maneira como um padre faz essa aplicação pode variar dependendo de sua compreensão das necessidades da sua congregação e dos desafios da sociedade. A aplicação deve ser relevante e prática, mas sempre enraizada nos princípios bíblicos (Tiago 1:22-25).\n\nEm resumo, as homilias dos padres podem ser diferentes devido a interpretações teológicas, ênfase na tradição, contexto litúrgico, estilo do orador e aplicação prática. É importante que cada ouvinte examine as Escrituras para discernir a veracidade e a fidelidade da mensagem pregada (Atos 17:11).\n"
            }
        ]
    }
]